,Player,Actual_Salary,Predicted_Salary,difference,Team
0,Artemi Panarin,1.164286e+07,7.711421e+06,3931436.0700000003,NYR
1,Vincent Trocheck,5.625000e+06,6.332884e+06,-707883.5700000003,NYR
2,Mika Zibanejad,8.500000e+06,7.634512e+06,865487.8600000003,NYR
3,Chris Kreider,6.500000e+06,6.553975e+06,-53974.8200000003,NYR
4,Alexis Lafreniere,2.325000e+06,2.654267e+06,-329266.66000000015,NYR
5,Blake Wheeler,8.000000e+05,2.526600e+06,-1726600.0,NYR
6,Jimmy Vesey,8.000000e+05,1.471875e+06,-671875.0,NYR
7,Jonny Brodzinski,7.625000e+05,1.382100e+06,-619600.0,NYR
8,Nick Bonino,8.000000e+05,1.516375e+06,-716375.0,NYR
9,Barclay Goodrow,3.641667e+06,1.375425e+06,2266242.05,NYR
10,Tyler Pitlick,7.875000e+05,1.149783e+06,-362283.30000000005,NYR
11,Travis Konecny,5.500000e+06,5.810706e+06,-310706.0700000003,PHI
12,Joel Farabee,5.000000e+06,4.467258e+06,532741.6600000001,PHI
13,Owen Tippett,1.500000e+06,3.742612e+06,-2242611.75,PHI
14,Sean Couturier,7.750000e+06,6.836725e+06,913275.0,PHI
15,Cam Atkinson,5.875000e+06,5.436083e+06,438916.6200000001,PHI
16,Morgan Frost,2.100000e+06,2.333500e+06,-233500.0,PHI
17,Scott Laughton,3.000000e+06,4.098429e+06,-1098428.58,PHI
18,Bobby Brink,9.250000e+05,1.190462e+06,-265462.45999999996,PHI
19,Tyson Foerster,8.633330e+05,8.766082e+05,-13275.189999999944,PHI
20,Ryan Poehling,1.400000e+06,1.650750e+06,-250750.0,PHI
21,Garnet Hathaway,2.375000e+06,2.703375e+06,-328375.0,PHI
22,Noah Cates,2.625000e+06,9.270624e+05,1697937.5899999999,PHI
23,Nicolas Deslauriers,1.750000e+06,1.886875e+06,-136875.0,PHI
24,Sebastian Aho,8.460250e+06,8.463870e+06,-3620.0,CAR
25,Seth Jarvis,8.941670e+05,2.865658e+06,-1971491.4500000002,CAR
26,Michael Bunting,4.500000e+06,4.178383e+06,321616.66000000015,CAR
27,Martin Necas,3.000000e+06,3.556750e+06,-556750.0,CAR
28,Stefan Noesen,7.625000e+05,1.948000e+06,-1185500.0,CAR
29,Teuvo Teravainen,5.400000e+06,4.645850e+06,754150.0,CAR
30,Jack Drury,9.250000e+05,1.194013e+06,-269012.94999999995,CAR
31,Jesperi Kotkaniemi,4.820000e+06,2.663045e+06,2156954.76,CAR
32,Jordan Martinook,1.800000e+06,1.968339e+06,-168339.29000000004,CAR
33,Jordan Staal,2.900000e+06,4.912607e+06,-2012607.1500000004,CAR
34,Jesper Fast,2.400000e+06,2.190033e+06,209966.7000000002,CAR
35,Brendan Lemieux,8.000000e+05,8.912833e+05,-91283.30000000005,CAR
36,Sidney Crosby,8.700000e+06,8.711662e+06,-11662.5,PIT
37,Jake Guentzel,6.000000e+06,6.518957e+06,-518956.95999999996,PIT
38,Evgeni Malkin,6.100000e+06,6.298410e+06,-198409.63999999966,PIT
39,Bryan Rust,5.125000e+06,5.826652e+06,-701652.5,PIT
40,Reilly Smith,5.000000e+06,4.526417e+06,473583.3300000001,PIT
41,Rickard Rakell,5.000000e+06,4.670042e+06,329958.3200000003,PIT
42,Drew O'Connor,9.250000e+05,1.008658e+06,-83658.28000000003,PIT
43,Lars Eller,2.450000e+06,2.580464e+06,-130464.29000000004,PIT
44,Jeff Carter,3.125000e+06,2.348500e+06,776500.0,PIT
45,Valtteri Puustinen,7.750000e+05,9.812750e+05,-206275.0,PIT
46,Noel Acciari,2.000000e+06,2.103025e+06,-103024.97999999998,PIT
47,Jansen Harkins,8.500000e+05,1.257125e+06,-407125.0,PIT
48,Dylan Strome,5.000000e+06,4.978705e+06,21295.230000000447,WSH
49,Alex Ovechkin,9.500000e+06,8.178083e+06,1321916.6600000001,WSH
50,Tom Wilson,5.166667e+06,5.128584e+06,38083.45999999996,WSH
51,Anthony Mantha,5.700000e+06,4.707381e+06,992619.04,WSH
52,Aliaksei Protas,7.891670e+05,8.212751e+05,-32108.130000000005,WSH
53,Connor McMichael,8.633330e+05,9.684497e+05,-105116.73999999999,WSH
54,Evgeny Kuznetsov,7.800000e+06,6.811750e+06,988250.0,WSH
55,Nic Dowd,1.300000e+06,3.325821e+06,-2025821.4300000002,WSH
56,Nicolas Aube-Kubel,1.225000e+06,1.467917e+06,-242916.67999999993,WSH
57,T.J. Oshie,5.750000e+06,3.326833e+06,2423166.66,WSH
58,Beck Malenstyn,7.625000e+05,7.810333e+05,-18533.339999999967,WSH
59,Hendrix Lapierre,8.633330e+05,8.655039e+05,-2170.939999999944,WSH
60,Max Pacioretty,2.000000e+06,3.014000e+06,-1014000.0,WSH
61,Matthew Phillips,7.750000e+05,8.082083e+05,-33208.34999999998,WSH
62,Mathew Barzal,9.150000e+06,8.639214e+06,510785.72000000067,NYI
63,Bo Horvat,8.500000e+06,8.033990e+06,466010.36000000034,NYI
64,Brock Nelson,6.000000e+06,6.542967e+06,-542966.7800000003,NYI
65,Kyle Palmieri,5.000000e+06,5.052583e+06,-52583.34999999963,NYI
66,Anders Lee,7.000000e+06,5.714500e+06,1285499.9900000002,NYI
67,Jean-Gabriel Pageau,5.000000e+06,4.961500e+06,38500.0,NYI
68,Simon Holmstrom,8.633330e+05,9.796956e+05,-116362.58999999997,NYI
69,Pierre Engvall,3.000000e+06,2.148708e+06,851291.6699999999,NYI
70,Cal Clutterbuck,1.750000e+06,1.586512e+06,163487.55000000005,NYI
71,Julien Gauthier,7.875000e+05,1.190250e+06,-402750.01,NYI
72,Hudson Fasching,7.750000e+05,1.593783e+06,-818783.3,NYI
73,Oliver Wahlstrom,8.741250e+05,1.369508e+06,-495383.32000000007,NYI
74,Matt Martin,1.500000e+06,1.421067e+06,78933.3999999999,NYI
75,Kyle MacLean,8.000000e+05,8.122542e+05,-12254.219999999972,NYI
76,Jesper Bratt,7.875000e+06,8.217805e+06,-342804.71999999974,NJD
77,Jack Hughes,8.000000e+06,8.853448e+06,-853448.2599999998,NJD
78,Tyler Toffoli,4.250000e+06,4.818124e+06,-568123.6600000001,NJD
79,Nico Hischier,7.250000e+06,6.555442e+06,694558.3300000001,NJD
80,Dawson Mercer,8.941670e+05,1.056725e+06,-162558.18999999994,NJD
81,Alexander Holtz,8.941670e+05,1.058550e+06,-164383.19999999995,NJD
82,Erik Haula,3.150000e+06,4.367136e+06,-1217135.7300000004,NJD
83,Michael McLeod,1.400000e+06,1.944529e+06,-544528.5900000001,NJD
84,Timo Meier,8.800000e+06,4.986599e+06,3813401.1799999997,NJD
85,Ondrej Palat,6.000000e+06,5.029500e+06,970500.0,NJD
86,Curtis Lazar,1.000000e+06,1.372375e+06,-372375.0,NJD
87,Nathan Bastian,1.350000e+06,1.405125e+06,-55125.0,NJD
88,Chris Tierney,7.750000e+05,9.194416e+05,-144441.59999999998,NJD
89,Johnny Gaudreau,9.750000e+06,8.294017e+06,1455983.33,CBJ
90,Adam Fantilli,9.500000e+05,1.346883e+06,-396883.3999999999,CBJ
91,Kirill Marchenko,9.250000e+05,1.314442e+06,-389441.67999999993,CBJ
92,Dmitri Voronkov,9.250000e+05,1.011533e+06,-86533.27000000002,CBJ
93,Yegor Chinakhov,8.000000e+05,1.019592e+06,-219591.69999999995,CBJ
94,Boone Jenner,3.750000e+06,5.316132e+06,-1566132.17,CBJ
95,Justin Danforth,9.750000e+05,9.804249e+05,-5424.939999999944,CBJ
96,Cole Sillinger,9.250000e+05,1.020367e+06,-95366.63,CBJ
97,Kent Johnson,9.250000e+05,9.431583e+05,-18158.310000000056,CBJ
98,Alexandre Texier,1.525000e+06,1.555375e+06,-30375.0,CBJ
99,Sean Kuraly,2.500000e+06,2.185750e+06,314250.0,CBJ
100,Emil Bemstrom,9.000000e+05,1.163042e+06,-263041.6699999999,CBJ
101,Jack Roslovic,4.000000e+06,2.986131e+06,1013869.04,CBJ
102,Mathieu Olivier,1.100000e+06,1.109517e+06,-9516.649999999907,CBJ
103,David Pastrnak,1.125000e+07,1.067454e+07,575461.8800000008,BOS
104,Brad Marchand,6.125000e+06,7.202676e+06,-1077675.8899999997,BOS
105,Charlie Coyle,5.250000e+06,5.529100e+06,-279100.0,BOS
106,James van Riemsdyk,1.000000e+06,2.352200e+06,-1352200.0,BOS
107,Pavel Zacha,4.750000e+06,4.782763e+06,-32763.12000000011,BOS
108,Trent Frederic,2.300000e+06,2.674117e+06,-374116.68999999994,BOS
109,Jake DeBrusk,4.000000e+06,4.047917e+06,-47916.669999999925,BOS
110,Morgan Geekie,2.000000e+06,2.607542e+06,-607541.6699999999,BOS
111,Danton Heinen,7.750000e+05,1.912564e+06,-1137564.3,BOS
112,Matthew Poitras,8.700000e+05,9.533958e+05,-83395.80000000005,BOS
113,Jakub Lauko,7.875000e+05,8.122417e+05,-24741.68000000005,BOS
114,Jesper Boqvist,7.750000e+05,1.361446e+06,-586445.8300000001,BOS
115,Oskar Steen,8.000000e+05,8.526667e+05,-52666.67000000004,BOS
116,Sam Reinhart,6.500000e+06,7.432070e+06,-932070.0,FLA
117,Aleksander Barkov,1.000000e+07,9.057762e+06,942237.5,FLA
118,Carter Verhaeghe,4.166667e+06,7.132417e+06,-2965749.87,FLA
119,Matthew Tkachuk,9.500000e+06,8.495181e+06,1004819.2200000007,FLA
120,Evan Rodrigues,3.000000e+06,3.074750e+06,-74750.0,FLA
121,Sam Bennett,4.425000e+06,3.838393e+06,586607.1299999999,FLA
122,Anton Lundell,9.250000e+05,1.212758e+06,-287758.3300000001,FLA
123,Eetu Luostarinen,1.500000e+06,1.541225e+06,-41225.0,FLA
124,Kevin Stenlund,1.000000e+06,1.728250e+06,-728250.0,FLA
125,Ryan Lomberg,8.000000e+05,1.049667e+06,-249666.66999999993,FLA
126,Steven Lorentz,1.050000e+06,9.563292e+05,93670.83999999997,FLA
127,Mackie Samoskevich,9.250000e+05,9.130917e+05,11908.329999999958,FLA
128,William Nylander,6.962366e+06,7.665027e+06,-702661.1799999997,TOR
129,Auston Matthews,1.164025e+07,1.034974e+07,1290508.8399999999,TOR
130,John Tavares,1.100000e+07,9.244307e+06,1755692.8599999994,TOR
131,Max Domi,3.000000e+06,3.060095e+06,-60095.25,TOR
132,Tyler Bertuzzi,5.500000e+06,2.795329e+06,2704671.41,TOR
133,Calle Jarnkrok,2.100000e+06,2.513064e+06,-413064.29000000004,TOR
134,Matthew Knies,9.250000e+05,8.989458e+05,26054.170000000042,TOR
135,Noah Gregor,7.750000e+05,1.129133e+06,-354133.3300000001,TOR
136,David Kampf,2.400000e+06,2.572000e+06,-172000.0,TOR
137,Pontus Holmberg,8.000000e+05,8.674166e+05,-67416.59999999998,TOR
138,Bobby McMann,7.625000e+05,8.754750e+05,-112975.01000000001,TOR
139,Dylan Larkin,8.700000e+06,8.825033e+06,-125032.84999999963,DET
140,Alex DeBrincat,7.875000e+06,7.452160e+06,422840.36000000034,DET
141,Lucas Raymond,9.250000e+05,2.217042e+06,-1292041.6600000001,DET
142,Daniel Sprong,2.000000e+06,2.722350e+06,-722350.0,DET
143,J.T. Compher,5.100000e+06,4.757286e+06,342714.28000000026,DET
144,Andrew Copp,5.625000e+06,4.892714e+06,732285.6799999997,DET
145,David Perron,4.750000e+06,4.694100e+06,55900.0,DET
146,Robby Fabbri,4.000000e+06,3.619125e+06,380875.0,DET
147,Michael Rasmussen,1.460000e+06,1.548275e+06,-88275.01000000001,DET
148,Christian Fischer,1.125000e+06,1.108375e+06,16625.0,DET
149,Klim Kostin,2.000000e+06,1.752642e+06,247358.3500000001,DET
150,Nikita Kucherov,9.500000e+06,9.809035e+06,-309035.2599999998,TBL
151,Brayden Point,9.500000e+06,8.726191e+06,773809.2899999991,TBL
152,Steven Stamkos,8.500000e+06,8.161850e+06,338150.0099999998,TBL
153,Brandon Hagel,1.500000e+06,2.568817e+06,-1068816.67,TBL
154,Anthony Cirelli,6.250000e+06,5.493036e+06,756964.2800000003,TBL
155,Alex Barre-Boulet,7.583330e+05,8.433248e+05,-84991.78000000003,TBL
156,Conor Sheary,2.000000e+06,1.753192e+06,246808.3999999999,TBL
157,Luke Glendening,8.000000e+05,1.182356e+06,-382355.93999999994,TBL
158,Tyler Motte,8.000000e+05,1.571450e+06,-771450.0,TBL
159,Austin Watson,7.766650e+05,8.451571e+05,-68492.05000000005,TBL
160,Waltteri Merela,8.700000e+05,8.533208e+05,16679.150000000023,TBL
161,Nick Suzuki,7.875000e+06,6.639575e+06,1235424.9900000002,MTL
162,Cole Caufield,7.850000e+06,7.170182e+06,679817.8600000003,MTL
163,Sean Monahan,1.985000e+06,5.329810e+06,-3344809.5300000003,MTL
164,Juraj Slafkovsky,9.500000e+05,9.371666e+05,12833.380000000005,MTL
165,Brendan Gallagher,6.500000e+06,4.967250e+06,1532749.9800000004,MTL
166,Jake Evans,1.700000e+06,2.414921e+06,-714921.4300000002,MTL
167,Josh Anderson,5.500000e+06,4.592500e+06,907500.0,MTL
168,Joel Armia,3.400000e+06,2.982875e+06,417125.0,MTL
169,Michael Pezzetta,8.125000e+05,8.338417e+05,-21341.670000000042,MTL
170,Jesse Ylonen,7.750000e+05,8.152083e+05,-40208.32999999996,MTL
171,Rafael Harvey-Pinard,1.100000e+06,1.019200e+06,80799.98999999999,MTL
172,Mitchell Stephens,7.750000e+05,8.007083e+05,-25708.329999999958,MTL
173,Joshua Roy,8.350000e+05,9.274333e+05,-92433.29000000004,MTL
174,Casey Mittelstadt,2.500000e+06,3.609400e+06,-1109400.0,BUF
175,Alex Tuch,4.750000e+06,4.720000e+06,30000.0,BUF
176,Tage Thompson,7.142857e+06,7.295810e+06,-152952.6200000001,BUF
177,Dylan Cozens,7.100000e+06,5.884942e+06,1215058.33,BUF
178,Kyle Okposo,2.500000e+06,2.363250e+06,136750.0,BUF
179,Zach Benson,9.500000e+05,9.374083e+05,12591.660000000033,BUF
180,Victor Olofsson,4.750000e+06,3.200308e+06,1549691.67,BUF
181,Jordan Greenway,3.000000e+06,2.615625e+06,384375.0,BUF
182,Jack Quinn,8.633330e+05,9.749331e+05,-111600.10999999999,BUF
183,Peyton Krebs,8.633330e+05,9.383414e+05,-75008.38,BUF
184,Eric Robinson,1.600000e+06,1.971808e+06,-371808.32000000007,BUF
185,Zemgus Girgensons,2.500000e+06,2.164100e+06,335900.0,BUF
186,Tim Stutzle,8.350000e+06,7.477283e+06,872716.5499999998,OTT
187,Claude Giroux,6.500000e+06,6.582057e+06,-82057.13999999966,OTT
188,Brady Tkachuk,8.205714e+06,7.809435e+06,396278.5800000001,OTT
189,Drake Batherson,4.975000e+06,4.939682e+06,35317.860000000335,OTT
190,Vladimir Tarasenko,5.000000e+06,4.636950e+06,363050.0,OTT
191,Mathieu Joseph,2.950000e+06,2.770450e+06,179549.99000000022,OTT
192,Ridly Greig,8.633330e+05,1.365392e+06,-502058.6599999999,OTT
193,Dominik Kubalik,2.500000e+06,2.164850e+06,335150.0,OTT
194,Parker Kelly,7.625000e+05,7.845500e+05,-22049.97999999998,OTT
195,Rourke Chartier,7.750000e+05,9.621790e+05,-187178.95999999996,OTT
196,Zack MacEwen,7.750000e+05,1.046500e+06,-271500.0,OTT
197,Mark Kastelic,8.350000e+05,8.461292e+05,-11129.170000000042,OTT
198,Shane Pinto,7.750000e+05,2.259667e+06,-1484666.67,OTT
199,Nikolaj Ehlers,6.000000e+06,5.929750e+06,70250.0,WPG
200,Cole Perfetti,8.941670e+05,1.249959e+06,-355791.6000000001,WPG
201,Kyle Connor,7.142857e+06,7.492949e+06,-350092.4500000002,WPG
202,Nino Niederreiter,4.000000e+06,3.568617e+06,431383.3300000001,WPG
203,Vladislav Namestnikov,2.000000e+06,2.615667e+06,-615666.6699999999,WPG
204,Adam Lowry,3.250000e+06,3.365589e+06,-115589.29000000004,WPG
205,Mason Appleton,2.166667e+06,2.302317e+06,-135649.8700000001,WPG
206,Gabriel Vilardi,3.437500e+06,4.202600e+06,-765100.0,WPG
207,Alex Iafallo,4.000000e+06,3.188108e+06,811891.6699999999,WPG
208,Morgan Barron,1.350000e+06,1.203150e+06,146850.03000000003,WPG
209,Axel Jonsson-Fjallby,7.750000e+05,8.137417e+05,-38741.689999999944,WPG
210,Dominic Toninato,7.750000e+05,1.887650e+06,-1112650.0,WPG
211,Rasmus Kupari,1.000000e+06,8.592125e+05,140787.52000000002,WPG
212,Nathan MacKinnon,1.260000e+07,1.197272e+07,627280.0,COL
213,Mikko Rantanen,9.250000e+06,8.780731e+06,469269.19999999925,COL
214,Jonathan Drouin,8.250000e+05,1.855750e+06,-1030750.01,COL
215,Ross Colton,4.000000e+06,3.156661e+06,843339.31,COL
216,Logan O'Connor,1.050000e+06,1.562992e+06,-512991.6699999999,COL
217,Ryan Johansen,4.000000e+06,4.120036e+06,-120035.7200000002,COL
218,Miles Wood,2.500000e+06,2.643500e+06,-143500.0,COL
219,Andrew Cogliano,8.250000e+05,1.105375e+06,-280375.0,COL
220,Fredrik Olofsson,7.750000e+05,8.847540e+05,-109754.03000000003,COL
221,Joel Kiviranta,7.750000e+05,9.442500e+05,-169250.0,COL
222,Roope Hintz,8.450000e+06,5.113692e+06,3336308.33,DAL
223,Joe Pavelski,3.500000e+06,4.459500e+06,-959500.0,DAL
224,Matt Duchene,3.000000e+06,4.065692e+06,-1065691.67,DAL
225,Tyler Seguin,9.850000e+06,8.272492e+06,1577508.33,DAL
226,Mason Marchment,4.500000e+06,3.899267e+06,600733.31,DAL
227,Wyatt Johnston,8.941670e+05,1.162884e+06,-268716.56000000006,DAL
228,Jamie Benn,9.500000e+06,7.937339e+06,1562660.71,DAL
229,Sam Steel,8.500000e+05,1.401050e+06,-551050.0,DAL
230,Radek Faksa,3.250000e+06,2.632508e+06,617491.6699999999,DAL
231,Craig Smith,1.000000e+06,1.388625e+06,-388625.0,DAL
232,Ty Dellandrea,9.000000e+05,9.158750e+05,-15874.98999999999,DAL
233,Filip Forsberg,8.500000e+06,6.951108e+06,1548892.1600000001,NSH
234,Ryan O'Reilly,4.500000e+06,5.243000e+06,-743000.0,NSH
235,Gustav Nyquist,3.185000e+06,3.597850e+06,-412850.0,NSH
236,Colton Sissons,2.857143e+06,3.394286e+06,-537142.81,NSH
237,Luke Evangelista,7.975000e+05,1.083783e+06,-286283.3500000001,NSH
238,Philip Tomasino,8.633330e+05,9.166081e+05,-53275.109999999986,NSH
239,Cole Smith,7.750000e+05,8.142500e+05,-39249.97999999998,NSH
240,Juuso Parssinen,8.508330e+05,8.787331e+05,-27900.140000000014,NSH
241,Michael McCarron,7.750000e+05,1.200000e+06,-425000.0,NSH
242,Kiefer Sherwood,7.750000e+05,1.369125e+06,-594125.0,NSH
243,Yakov Trenin,1.700000e+06,1.659500e+06,40500.0,NSH
244,Cody Glass,2.500000e+06,2.069750e+06,430250.0,NSH
245,Clayton Keller,7.150000e+06,7.307598e+06,-157597.5700000003,ARI
246,Matias Maccelli,3.425000e+06,2.701425e+06,723575.0,ARI
247,Nick Schmaltz,5.850000e+06,4.024442e+06,1825558.33,ARI
248,Lawson Crouse,4.300000e+06,3.606733e+06,693266.6600000001,ARI
249,Nick Bjugstad,2.100000e+06,4.853921e+06,-2753921.4400000004,ARI
250,Alexander Kerfoot,3.500000e+06,3.272381e+06,227619.04000000004,ARI
251,Logan Cooley,9.500000e+05,1.048492e+06,-98491.63,ARI
252,Michael Carcone,7.750000e+05,9.540167e+05,-179016.68999999994,ARI
253,Jason Zucker,5.300000e+06,3.243417e+06,2056583.3199999998,ARI
254,Jack McBain,1.599999e+06,1.335854e+06,264145.49,ARI
255,Liam O'Brien,7.750000e+05,1.031750e+06,-256750.0,ARI
256,Dylan Guenther,8.941670e+05,1.102517e+06,-208349.8600000001,ARI
257,Robert Thomas,8.125000e+06,7.611358e+06,513642.5,STL
258,Pavel Buchnevich,5.800000e+06,5.734728e+06,65272.5,STL
259,Jordan Kyrou,8.125000e+06,7.828557e+06,296442.86000000034,STL
260,Brayden Schenn,6.500000e+06,6.634464e+06,-134464.29000000004,STL
261,Kevin Hayes,3.571429e+06,3.646679e+06,-75249.87000000011,STL
262,Brandon Saad,4.500000e+06,4.467845e+06,32154.75,STL
263,Jake Neighbours,8.358330e+05,9.562998e+05,-120466.78000000003,STL
264,Oskar Sundqvist,7.750000e+05,1.534929e+06,-759928.5800000001,STL
265,Alexey Toropchenko,1.250000e+06,1.148783e+06,101216.65999999992,STL
266,Nathan Walker,7.750000e+05,2.157075e+06,-1382074.9900000002,STL
267,Nikita Alexandrov,8.166670e+05,8.221835e+05,-5516.530000000028,STL
268,Kirill Kaprizov,9.000000e+06,8.482409e+06,517590.6300000008,MIN
269,Joel Eriksson Ek,5.250000e+06,6.427813e+06,-1177813.2000000002,MIN
270,Mats Zuccarello,6.000000e+06,6.017850e+06,-17850.0,MIN
271,Marco Rossi,8.633330e+05,1.181466e+06,-318133.45999999996,MIN
272,Ryan Hartman,1.700000e+06,2.425071e+06,-725071.4300000002,MIN
273,Marcus Johansson,2.000000e+06,3.060750e+06,-1060750.0099999998,MIN
274,Marcus Foligno,3.100000e+06,2.728875e+06,371125.0,MIN
275,Frederick Gaudreau,2.100000e+06,2.495133e+06,-395133.3300000001,MIN
276,Brandon Duhaime,1.100000e+06,1.041800e+06,58200.01000000001,MIN
277,Jason Dickinson,2.650000e+06,3.038214e+06,-388214.29000000004,CHI
278,Philipp Kurashev,2.250000e+06,2.301075e+06,-51075.00999999978,CHI
279,Ryan Donato,2.000000e+06,2.202000e+06,-202000.0,CHI
280,Taylor Raddysh,7.583330e+05,9.212999e+05,-162966.92000000004,CHI
281,Boris Katchouk,7.583330e+05,7.778165e+05,-19483.48999999999,CHI
282,Lukas Reichel,9.250000e+05,9.713500e+05,-46349.97999999998,CHI
283,Cole Guttman,9.500000e+05,1.014658e+06,-64658.30000000005,CHI
284,Colin Blackwell,1.200000e+06,2.153800e+06,-953800.0,CHI
285,Reese Johnson,8.000000e+05,9.083583e+05,-108358.31999999995,CHI
286,Rem Pitlick,1.100000e+06,1.197500e+06,-97500.0,CHI
287,J.T. Miller,8.000000e+06,7.872652e+06,127347.5,VAN
288,Elias Pettersson,7.350000e+06,7.968585e+06,-618585.0,VAN
289,Brock Boeser,6.650000e+06,6.686750e+06,-36750.0,VAN
290,Conor Garland,4.950000e+06,4.101433e+06,848566.6499999999,VAN
291,Dakota Joshua,8.250000e+05,1.306117e+06,-481116.67999999993,VAN
292,Ilya Mikheyev,4.750000e+06,3.961608e+06,788391.6600000001,VAN
293,Teddy Blueger,1.900000e+06,2.431492e+06,-531491.6800000002,VAN
294,Sam Lafferty,1.150000e+06,1.424350e+06,-274350.0,VAN
295,Andrei Kuzmenko,5.500000e+06,3.640492e+06,1859508.3199999998,VAN
296,Pius Suter,1.600000e+06,1.517075e+06,82925.02000000002,VAN
297,Nils Aman,8.837500e+05,8.740416e+05,9708.369999999995,VAN
298,Mark Stone,9.500000e+06,6.194059e+06,3305940.63,VEG
299,Jonathan Marchessault,5.000000e+06,5.595986e+06,-595985.71,VEG
300,Chandler Stephenson,2.750000e+06,2.970250e+06,-220250.00999999978,VEG
301,Ivan Barbashev,5.000000e+06,3.850500e+06,1149500.0,VEG
302,Nicolas Roy,3.000000e+06,3.214950e+06,-214950.0,VEG
303,Paul Cotter,7.750000e+05,7.922083e+05,-17208.300000000047,VEG
304,Pavel Dorofeyev,8.250000e+05,9.279833e+05,-102983.31999999995,VEG
305,Brett Howden,1.900000e+06,1.377812e+06,522187.5,VEG
306,Keegan Kolesar,1.400000e+06,1.531500e+06,-131500.0,VEG
307,Jonas Rondbjerg,7.666670e+05,8.344502e+05,-67783.20999999996,VEG
308,Brendan Brisson,9.250000e+05,1.413258e+06,-488258.3400000001,VEG
309,Adrian Kempe,5.500000e+06,5.991429e+06,-491428.5700000003,LAK
310,Anze Kopitar,1.000000e+07,8.051450e+06,1948550.0,LAK
311,Kevin Fiala,7.875000e+06,7.062000e+06,813000.0,LAK
312,Trevor Moore,4.200000e+06,5.428125e+06,-1228125.0,LAK
313,Quinton Byfield,8.941670e+05,1.348050e+06,-453883.24,LAK
314,Phillip Danault,5.500000e+06,4.872250e+06,627750.0,LAK
315,Pierre-Luc Dubois,8.500000e+06,6.742750e+06,1757250.0,LAK
316,Arthur Kaliyev,8.941670e+05,1.083284e+06,-189116.54000000004,LAK
317,Alex Laferriere,8.750000e+05,8.861000e+05,-11100.01000000001,LAK
318,Carl Grundstrom,1.300000e+06,1.729950e+06,-429950.0,LAK
319,Trevor Lewis,7.750000e+05,1.196750e+06,-421750.0,LAK
320,Jaret Anderson-Dolan,7.750000e+05,9.227500e+05,-147750.0,LAK
321,Connor McDavid,1.250000e+07,1.121212e+07,1287885.0,EDM
322,Leon Draisaitl,8.500000e+06,8.766610e+06,-266610.0,EDM
323,Zach Hyman,5.500000e+06,6.296650e+06,-796649.8200000003,EDM
324,Ryan Nugent-Hopkins,5.125000e+06,5.402600e+06,-277600.0,EDM
325,Evander Kane,5.125000e+06,5.068431e+06,56569.200000000186,EDM
326,Warren Foegele,2.750000e+06,3.423917e+06,-673916.6699999999,EDM
327,Ryan McLeod,2.100000e+06,1.848133e+06,251866.67999999993,EDM
328,Sam Gagner,7.750000e+05,2.278583e+06,-1503583.3399999999,EDM
329,Derek Ryan,9.000000e+05,9.440875e+05,-44087.5,EDM
330,Mattias Janmark,1.000000e+06,1.159508e+06,-159508.33000000007,EDM
331,Connor Brown,7.750000e+05,1.520917e+06,-745916.6699999999,EDM
332,Adam Erne,7.750000e+05,8.952082e+05,-120208.25,EDM
333,Dylan Holloway,9.250000e+05,9.102250e+05,14775.020000000019,EDM
334,Blake Coleman,4.900000e+06,4.709600e+06,190400.0,CGY
335,Nazem Kadri,7.000000e+06,6.914352e+06,85647.5,CGY
336,Yegor Sharangovich,3.100000e+06,2.920833e+06,179166.64000000013,CGY
337,Elias Lindholm,4.850000e+06,5.161446e+06,-311446.4400000004,CGY
338,Andrew Mangiapane,5.800000e+06,4.825958e+06,974041.6600000001,CGY
339,Mikael Backlund,5.350000e+06,5.130952e+06,219047.61000000034,CGY
340,Jonathan Huberdeau,1.050000e+07,8.287333e+06,2212666.66,CGY
341,Connor Zary,8.633330e+05,1.570150e+06,-706817.01,CGY
342,Adam Ruzicka,7.625000e+05,9.536458e+05,-191145.79000000004,CGY
343,Oliver Bjorkstrand,5.400000e+06,5.789750e+06,-389750.0,SEA
344,Jared McCann,5.000000e+06,4.662625e+06,337375.0,SEA
345,Eeli Tolvanen,1.450000e+06,3.577842e+06,-2127841.67,SEA
346,Jordan Eberle,5.500000e+06,4.927750e+06,572250.0,SEA
347,Jaden Schwartz,5.500000e+06,5.105867e+06,394133.3300000001,SEA
348,Alexander Wennberg,4.500000e+06,4.225886e+06,274114.28000000026,SEA
349,Tye Kartye,8.591670e+05,8.674335e+05,-8266.540000000037,SEA
350,Kailer Yamamoto,1.500000e+06,1.456750e+06,43250.0,SEA
351,Brandon Tanev,3.500000e+06,1.576517e+06,1923483.35,SEA
352,Tomas Tatar,1.500000e+06,2.519000e+06,-1019000.0,SEA
353,Andre Burakovsky,5.500000e+06,2.155700e+06,3344300.03,SEA
354,Devin Shore,7.750000e+05,8.950499e+05,-120049.94999999995,SEA
355,John Hayden,7.750000e+05,8.710999e+05,-96099.90000000002,SEA
356,Frank Vatrano,3.650000e+06,6.225619e+06,-2575619.05,ANA
357,Troy Terry,7.000000e+06,4.122067e+06,2877933.33,ANA
358,Adam Henrique,5.825000e+06,5.839839e+06,-14839.290000000037,ANA
359,Mason McTavish,8.941670e+05,2.629659e+06,-1735491.5499999998,ANA
360,Ryan Strome,5.000000e+06,4.403750e+06,596249.9900000002,ANA
361,Leo Carlsson,9.500000e+05,1.978408e+06,-1028408.4199999999,ANA
362,Brett Leason,7.750000e+05,7.942833e+05,-19283.280000000028,ANA
363,Sam Carrick,8.500000e+05,1.805500e+06,-955500.0,ANA
364,Jakob Silfverberg,5.250000e+06,1.694767e+06,3555233.35,ANA
365,Brock McGinn,2.750000e+06,2.071625e+06,678375.0,ANA
366,Ross Johnston,1.100000e+06,1.133250e+06,-33250.0,ANA
367,Isac Lundestrom,1.800000e+06,1.559000e+06,241000.0,ANA
368,Benoit-Olivier Groulx,7.750000e+05,8.117292e+05,-36729.16000000003,ANA
369,Tomas Hertl,8.137500e+06,6.483988e+06,1653511.9000000004,SJS
370,Fabian Zetterlund,1.450000e+06,1.242592e+06,207408.46999999997,SJS
371,William Eklund,8.633330e+05,9.298498e+05,-66516.78000000003,SJS
372,Anthony Duclair,3.000000e+06,3.259548e+06,-259547.6299999999,SJS
373,Mike Hoffman,4.500000e+06,3.900667e+06,599333.3300000001,SJS
374,Filip Zadina,1.100000e+06,1.717750e+06,-617750.0,SJS
375,Luke Kunin,2.750000e+06,2.877250e+06,-127250.0,SJS
376,Justin Bailey,7.750000e+05,1.265000e+06,-490000.0,SJS
377,Ryan Carpenter,7.750000e+05,1.174000e+06,-399000.0,SJS
378,Kevin Labanc,4.725000e+06,3.867250e+06,857750.0,SJS
379,Nico Sturm,2.000000e+06,2.082500e+06,-82500.0,SJS
380,Scott Sabourin,7.750000e+05,8.057667e+05,-30766.670000000042,SJS
